ID_DEPARTAMENTO;ESC_DEPARTAMENTO;ID_MUNICIPIO;DESC_MUNICIPIO;ESTADO;ANNO;FECHA_GD
17;CALDAS;17873;VILLAMARÍA;0;2016;30/01/2019
15;BOYACÁ;15407;VILLA DE LEYVA;0;2016;26/02/2019
25;CUNDINAMARCA;25898;ZIPACÓN;1;2020;18/01/2020
85;CASANARE;85279;RECETOR;1;2020;18/01/2020
66;RISARALDA;66170;DOSQUEBRADAS;1;2020;18/02/2020
17;CALDAS;17174;CHINCHINÁ;1;2020;12/05/2020
17;CALDAS;17777;SUPÍA;1;2020;12/05/2020
44;LA GUAJIRA;44035;ALBANIA;1;2020;12/05/2020
44;LA GUAJIRA;44098;DISTRACCIÓN;1;2020;12/05/2020
54;NORTE DE SANTANDER;54874;VILLA DEL ROSARIO;1;2020;12/05/2020
95;GUAVIARE;95001;SAN JOSÉ DEL GUAVIARE;1;2020;12/05/2020
47;MAGDALENA;47245;EL BANCO;1;2020;21/05/2020
52;NARIÑO;52022;ALDANA;1;2020;21/05/2020
52;NARIÑO;52390;LA TOLA;1;2020;21/05/2020
95;GUAVIARE;95015;CALAMAR;1;2020;21/05/2020
15;BOYACÁ;15879;VIRACACHÁ;1;2020;1/06/2020
47;MAGDALENA;47268;EL RETÉN;1;2020;1/06/2020
47;MAGDALENA;47605;REMOLINO;1;2020;1/06/2020
52;NARIÑO;52560;POTOSÍ;1;2020;1/06/2020
5;ANTIOQUIA;5400;LA UNIÓN;1;2020;8/06/2020
8;ATLÁNTICO;8770;SUAN;1;2020;8/06/2020
13;BOLÍVAR;13248;EL GUAMO;1;2020;8/06/2020
18;CAQUETÁ;18001;FLORENCIA;1;2020;8/06/2020
47;MAGDALENA;47570;PUEBLOVIEJO;1;2020;8/06/2020
47;MAGDALENA;47745;SITIONUEVO;1;2020;8/06/2020
73;TOLIMA;73030;AMBALEMA;1;2020;8/06/2020
54;NORTE DE SANTANDER;54498;OCAÑA;1;2020;10/06/2020
54;NORTE DE SANTANDER;54670;SAN CALIXTO;1;2020;10/06/2020
54;NORTE DE SANTANDER;54800;TEORAMA;1;2020;10/06/2020
76;VALLE DEL CAUCA;76377;LA CUMBRE;1;2020;10/06/2020
76;VALLE DEL CAUCA;76670;SAN PEDRO;1;2020;10/06/2020
20;CESAR;20710;SAN ALBERTO;1;2020;16/06/2020
17;CALDAS;17433;MANZANARES;1;2020;25/06/2020
20;CESAR;20175;CHIMICHAGUA;1;2020;25/06/2020
44;LA GUAJIRA;44279;FONSECA;1;2020;25/06/2020
47;MAGDALENA;47707;SANTA ANA;1;2020;25/06/2020
54;NORTE DE SANTANDER;54223;CUCUTILLA;1;2020;25/06/2020
54;NORTE DE SANTANDER;54313;GRAMALOTE;1;2020;25/06/2020
54;NORTE DE SANTANDER;54377;LABATECA;1;2020;25/06/2020
54;NORTE DE SANTANDER;54743;SANTO DOMINGO DE SILOS;1;2020;25/06/2020
54;NORTE DE SANTANDER;54871;VILLA CARO;1;2020;25/06/2020
54;NORTE DE SANTANDER;54680;SANTIAGO;0;2021;25/06/2020
20;CESAR;20550;PELAYA;1;2020;30/06/2020
27;CHOCÓ;27425;MEDIO ATRATO;1;2020;30/06/2020
47;MAGDALENA;47058;ARIGUANÍ;1;2020;30/06/2020
47;MAGDALENA;47720;SANTA BÁRBARA DE PINTO;1;2020;30/06/2020
52;NARIÑO;52435;MALLAMA;1;2020;30/06/2020
52;NARIÑO;52573;PUERRES;1;2020;30/06/2020
52;NARIÑO;52694;SAN PEDRO DE CARTAGO;1;2020;30/06/2020
54;NORTE DE SANTANDER;54239;DURANIA;1;2020;30/06/2020
54;NORTE DE SANTANDER;54250;EL TARRA;1;2020;30/06/2020
54;NORTE DE SANTANDER;54398;LA PLAYA;1;2020;30/06/2020
54;NORTE DE SANTANDER;54720;SARDINATA;1;2020;30/06/2020
63;QUINDÍO;63548;PIJAO;1;2020;30/06/2020
73;TOLIMA;73124;CAJAMARCA;1;2020;30/06/2020
73;TOLIMA;73236;DOLORES;1;2020;30/06/2020
76;VALLE DEL CAUCA;76497;OBANDO;1;2020;30/06/2020
85;CASANARE;85136;LA SALINA;1;2020;30/06/2020
85;CASANARE;85400;TÁMARA;1;2020;30/06/2020
97;VAUPÉS;97666;TARAIRA;1;2020;30/06/2020
13;BOLÍVAR;13160;CANTAGALLO;1;2020;8/07/2020
18;CAQUETÁ;18205;CURILLO;1;2020;8/07/2020
25;CUNDINAMARCA;25123;CACHIPAY;1;2020;8/07/2020
52;NARIÑO;52203;COLÓN;1;2020;8/07/2020
52;NARIÑO;52260;EL TAMBO;1;2020;8/07/2020
52;NARIÑO;52287;FUNES;1;2020;8/07/2020
54;NORTE DE SANTANDER;54125;CÁCOTA;1;2020;8/07/2020
54;NORTE DE SANTANDER;54480;MUTISCUA;1;2020;8/07/2020
54;NORTE DE SANTANDER;54673;SAN CAYETANO;1;2020;8/07/2020
54;NORTE DE SANTANDER;54810;TIBÚ;1;2020;8/07/2020
63;QUINDÍO;63302;GÉNOVA;1;2020;8/07/2020
73;TOLIMA;73043;ANZOÁTEGUI;1;2020;8/07/2020
73;TOLIMA;73200;COELLO;1;2020;8/07/2020
73;TOLIMA;73347;HERVEO;1;2020;8/07/2020
85;CASANARE;85300;SABANALARGA;1;2020;8/07/2020
85;CASANARE;85410;TAURAMENA;0;2022;8/07/2020
17;CALDAS;17050;ARANZAZU;1;2020;13/07/2020
19;CAUCA;19300;GUACHENÉ;1;2020;13/07/2020
52;NARIÑO;52540;POLICARPA;1;2020;13/07/2020
54;NORTE DE SANTANDER;54245;EL CARMEN;1;2020;13/07/2020
54;NORTE DE SANTANDER;54344;HACARÍ;1;2020;13/07/2020
54;NORTE DE SANTANDER;54347;HERRÁN;1;2020;13/07/2020
54;NORTE DE SANTANDER;54405;LOS PATIOS;1;2020;13/07/2020
66;RISARALDA;66045;APÍA;1;2020;13/07/2020
73;TOLIMA;73152;CASABIANCA;1;2020;13/07/2020
73;TOLIMA;73520;PALOCABILDO;1;2020;13/07/2020
85;CASANARE;85001;YOPAL;1;2020;13/07/2020
85;CASANARE;85010;AGUAZUL;1;2020;13/07/2020
85;CASANARE;85015;CHÁMEZA;1;2020;13/07/2020
85;CASANARE;85230;OROCUÉ;1;2020;13/07/2020
85;CASANARE;85325;SAN LUIS DE PALENQUE;1;2020;13/07/2020
18;CAQUETÁ;18247;EL DONCELLO;1;2020;21/07/2020
18;CAQUETÁ;18460;MILÁN;1;2020;21/07/2020
25;CUNDINAMARCA;25095;BITUIMA;1;2020;21/07/2020
25;CUNDINAMARCA;25269;FACATATIVÁ;1;2020;21/07/2020
25;CUNDINAMARCA;25535;PASCA;1;2020;21/07/2020
25;CUNDINAMARCA;25851;ÚTICA;1;2020;21/07/2020
27;CHOCÓ;27075;BAHÍA SOLANO;1;2020;21/07/2020
41;HUILA;41013;AGRADO;1;2020;21/07/2020
52;NARIÑO;52019;ALBÁN;1;2020;21/07/2020
52;NARIÑO;52256;EL ROSARIO;1;2020;21/07/2020
76;VALLE DEL CAUCA;76100;BOLÍVAR;1;2020;21/07/2020
76;VALLE DEL CAUCA;76113;BUGALAGRANDE;1;2020;21/07/2020
17;CALDAS;17013;AGUADAS;1;2020;24/07/2020
41;HUILA;41349;HOBO;1;2020;24/07/2020
41;HUILA;41807;TIMANÁ;1;2020;24/07/2020
47;MAGDALENA;47030;ALGARROBO;1;2020;24/07/2020
50;META;50226;CUMARAL;1;2020;24/07/2020
52;NARIÑO;52079;BARBACOAS;1;2020;24/07/2020
52;NARIÑO;52250;EL CHARCO;1;2020;24/07/2020
52;NARIÑO;52323;GUALMATÁN;1;2020;24/07/2020
52;NARIÑO;52720;SAPUYES;1;2020;24/07/2020
52;NARIÑO;52786;TAMINANGO;1;2020;24/07/2020
70;SUCRE;70742;SINCÉ;1;2020;24/07/2020
73;TOLIMA;73585;PURIFICACIÓN;1;2020;24/07/2020
76;VALLE DEL CAUCA;76823;TORO;1;2020;24/07/2020
76;VALLE DEL CAUCA;76845;ULLOA;1;2020;24/07/2020
85;CASANARE;85315;SÁCAMA;1;2020;24/07/2020
8;ATLÁNTICO;8832;TUBARÁ;1;2020;3/08/2020
17;CALDAS;17653;SALAMINA;1;2020;3/08/2020
25;CUNDINAMARCA;25245;EL COLEGIO;1;2020;3/08/2020
41;HUILA;41006;ACEVEDO;1;2020;3/08/2020
44;LA GUAJIRA;44874;VILLANUEVA;1;2020;3/08/2020
52;NARIÑO;52207;CONSACÁ;1;2020;3/08/2020
52;NARIÑO;52320;GUAITARILLA;1;2020;3/08/2020
52;NARIÑO;52381;LA FLORIDA;1;2020;3/08/2020
54;NORTE DE SANTANDER;54174;CHITAGÁ;1;2020;3/08/2020
70;SUCRE;70215;COROZAL;1;2020;3/08/2020
73;TOLIMA;73024;ALPUJARRA;1;2020;3/08/2020
76;VALLE DEL CAUCA;76364;JAMUNDÍ;1;2020;3/08/2020
5;ANTIOQUIA;5789;TÁMESIS;1;2020;12/08/2020
13;BOLÍVAR;13667;SAN MARTÍN DE LOBA;1;2020;12/08/2020
25;CUNDINAMARCA;25402;LA VEGA;1;2020;12/08/2020
47;MAGDALENA;47545;PIJIÑO DEL CARMEN;1;2020;12/08/2020
70;SUCRE;70713;SAN ONOFRE;1;2020;12/08/2020
73;TOLIMA;73671;SALDAÑA;1;2020;12/08/2020
27;CHOCÓ;27580;RÍO IRÓ;1;2020;15/08/2020
8;ATLÁNTICO;8520;PALMAR DE VARELA;1;2020;19/08/2020
19;CAUCA;19573;PUERTO TEJADA;1;2020;19/08/2020
25;CUNDINAMARCA;25019;ALBÁN;1;2020;19/08/2020
25;CUNDINAMARCA;25745;SIMIJACA;1;2020;19/08/2020
25;CUNDINAMARCA;25781;SUTATAUSA;1;2020;19/08/2020
47;MAGDALENA;47980;ZONA BANANERA;1;2020;19/08/2020
52;NARIÑO;52036;ANCUYA;1;2020;19/08/2020
52;NARIÑO;52227;CUMBAL;1;2020;19/08/2020
52;NARIÑO;52258;EL TABLÓN DE GÓMEZ;1;2020;19/08/2020
54;NORTE DE SANTANDER;54820;TOLEDO;1;2020;19/08/2020
76;VALLE DEL CAUCA;76616;RIOFRÍO;1;2020;19/08/2020
76;VALLE DEL CAUCA;76869;VIJES;1;2020;19/08/2020
85;CASANARE;85430;TRINIDAD;1;2020;19/08/2020
13;BOLÍVAR;13473;MORALES;1;2020;31/08/2020
13;BOLÍVAR;13657;SAN JUAN NEPOMUCENO;1;2020;31/08/2020
25;CUNDINAMARCA;25394;LA PALMA;1;2020;31/08/2020
41;HUILA;41020;ALGECIRAS;1;2020;31/08/2020
50;META;50124;CABUYARO;1;2020;31/08/2020
50;META;50573;PUERTO LÓPEZ;1;2020;31/08/2020
52;NARIÑO;52788;TANGUA;1;2020;31/08/2020
54;NORTE DE SANTANDER;54385;LA ESPERANZA;1;2020;31/08/2020
76;VALLE DEL CAUCA;76736;SEVILLA;1;2020;31/08/2020
85;CASANARE;85125;HATO COROZAL;1;2020;31/08/2020
73;TOLIMA;73555;PLANADAS;0;2021;31/08/2020
5;ANTIOQUIA;5376;LA CEJA;1;2020;14/09/2020
19;CAUCA;19780;SUÁREZ;1;2020;14/09/2020
25;CUNDINAMARCA;25148;CAPARRAPÍ;1;2020;14/09/2020
41;HUILA;41357;ÍQUIRA;1;2020;14/09/2020
41;HUILA;41797;TESALIA;1;2020;14/09/2020
44;LA GUAJIRA;44420;LA JAGUA DEL PILAR;1;2020;14/09/2020
44;LA GUAJIRA;44560;MANAURE;1;2020;14/09/2020
52;NARIÑO;52051;ARBOLEDA;1;2020;14/09/2020
52;NARIÑO;52683;SANDONÁ;1;2020;14/09/2020
68;SANTANDER;68152;CARCASÍ;1;2020;14/09/2020
68;SANTANDER;68167;CHARALÁ;1;2020;14/09/2020
70;SUCRE;70717;SAN PEDRO;1;2020;14/09/2020
73;TOLIMA;73349;HONDA;1;2020;14/09/2020
76;VALLE DEL CAUCA;76250;EL DOVIO;1;2020;14/09/2020
25;CUNDINAMARCA;25769;SUBACHOQUE;0;2021;14/09/2020
73;TOLIMA;73461;MURILLO;1;2020;16/09/2020
5;ANTIOQUIA;5819;TOLEDO;1;2020;17/09/2020
19;CAUCA;19513;PADILLA;1;2020;17/09/2020
20;CESAR;20770;SAN MARTÍN;1;2020;17/09/2020
44;LA GUAJIRA;44855;URUMITA;1;2020;17/09/2020
68;SANTANDER;68013;AGUADA;1;2020;17/09/2020
70;SUCRE;70670;SAMPUÉS;1;2020;17/09/2020
5;ANTIOQUIA;5051;ARBOLETES;1;2020;5/10/2020
5;ANTIOQUIA;5895;ZARAGOZA;1;2020;5/10/2020
8;ATLÁNTICO;8638;SABANALARGA;1;2020;5/10/2020
13;BOLÍVAR;13042;ARENAL;1;2020;5/10/2020
13;BOLÍVAR;13744;SIMITÍ;1;2020;5/10/2020
17;CALDAS;17867;VICTORIA;1;2020;5/10/2020
25;CUNDINAMARCA;25290;FUSAGASUGÁ;1;2020;5/10/2020
25;CUNDINAMARCA;25407;LENGUAZAQUE;1;2020;5/10/2020
25;CUNDINAMARCA;25743;SILVANIA;1;2020;5/10/2020
27;CHOCÓ;27205;CONDOTO;1;2020;5/10/2020
41;HUILA;41132;CAMPOALEGRE;1;2020;5/10/2020
41;HUILA;41378;LA ARGENTINA;1;2020;5/10/2020
41;HUILA;41503;OPORAPA;1;2020;5/10/2020
47;MAGDALENA;47288;FUNDACIÓN;1;2020;5/10/2020
50;META;50400;LEJANÍAS;1;2020;5/10/2020
50;META;50606;RESTREPO;1;2020;5/10/2020
52;NARIÑO;52612;RICAURTE;1;2020;5/10/2020
68;SANTANDER;68298;GÁMBITA;1;2020;5/10/2020
70;SUCRE;70820;SANTIAGO DE TOLÚ;1;2020;5/10/2020
73;TOLIMA;73270;FALAN;1;2020;5/10/2020
73;TOLIMA;73443;SAN SEBASTIÁN DE MARIQUITA;1;2020;5/10/2020
73;TOLIMA;73624;ROVIRA;1;2020;5/10/2020
73;TOLIMA;73678;SAN LUIS;1;2020;6/10/2020
5;ANTIOQUIA;5107;BRICEÑO;1;2020;13/10/2020
5;ANTIOQUIA;5125;CAICEDO;1;2020;13/10/2020
25;CUNDINAMARCA;25154;CARMEN DE CARUPA;1;2020;13/10/2020
25;CUNDINAMARCA;25518;PAIME;1;2020;13/10/2020
25;CUNDINAMARCA;25845;UNE;1;2020;13/10/2020
27;CHOCÓ;27150;CARMEN DEL DARIÉN;1;2020;13/10/2020
41;HUILA;41791;TARQUI;1;2020;13/10/2020
44;LA GUAJIRA;44847;URIBIA;1;2020;13/10/2020
66;RISARALDA;66687;SANTUARIO;1;2020;13/10/2020
70;SUCRE;70221;COVEÑAS;1;2020;13/10/2020
73;TOLIMA;73226;CUNDAY;1;2020;13/10/2020
73;TOLIMA;73268;ESPINAL;1;2020;13/10/2020
73;TOLIMA;73675;SAN ANTONIO;1;2020;13/10/2020
76;VALLE DEL CAUCA;76563;PRADERA;1;2020;13/10/2020
99;VICHADA;99524;LA PRIMAVERA;1;2020;13/10/2020
13;BOLÍVAR;13810;TIQUISIO;0;2020;15/10/2020
13;BOLÍVAR;13838;TURBANÁ;1;2020;15/10/2020
25;CUNDINAMARCA;25178;CHIPAQUE;1;2020;sa
25;CUNDINAMARCA;25839;UBALÁ;1;2020;15/10/2020
41;HUILA;41518;PAICOL;1;2020;15/10/2020
44;LA GUAJIRA;44078;BARRANCAS;1;2020;15/10/2020
44;LA GUAJIRA;44110;EL MOLINO;1;2020;15/10/2020
63;QUINDÍO;63111;BUENAVISTA;1;2020;15/10/2020
70;SUCRE;70233;EL ROBLE;1;2020;15/10/2020
23;CÓRDOBA;23580;PUERTO LIBERTADOR;1;2020;23/10/2020
25;CUNDINAMARCA;25594;QUETAME;1;2020;23/10/2020
25;CUNDINAMARCA;25653;SAN CAYETANO;1;2020;23/10/2020
25;CUNDINAMARCA;25841;UBAQUE;1;2020;23/10/2020
25;CUNDINAMARCA;25843;VILLA DE SAN DIEGO DE UBATÉ;1;2020;23/10/2020
41;HUILA;41078;BARAYA;1;2020;23/10/2020
68;SANTANDER;68324;GUAVATÁ;1;2020;23/10/2020
68;SANTANDER;68464;MOGOTES;1;2020;23/10/2020
73;TOLIMA;73319;GUAMO;1;2020;23/10/2020
73;TOLIMA;73770;SUÁREZ;1;2020;23/10/2020
76;VALLE DEL CAUCA;76246;EL CAIRO;1;2020;23/10/2020
68;SANTANDER;68872;VILLANUEVA;1;2021;23/10/2020
13;BOLÍVAR;13188;CICUCO;1;2020;28/10/2020
23;CÓRDOBA;23855;VALENCIA;1;2020;28/10/2020
41;HUILA;41244;ELÍAS;1;2020;28/10/2020
41;HUILA;41483;NÁTAGA;1;2020;28/10/2020
50;META;50680;SAN CARLOS DE GUAROA;1;2020;28/10/2020
68;SANTANDER;68051;ARATOCA;1;2020;28/10/2020
68;SANTANDER;68250;EL PEÑÓN;1;2020;28/10/2020
73;TOLIMA;73616;RIOBLANCO;1;2020;28/10/2020
15;BOYACÁ;15377;LABRANZAGRANDE;1;2020;11/11/2020
15;BOYACÁ;15580;QUÍPAMA;1;2020;11/11/2020
19;CAUCA;19050;ARGELIA;0;2020;11/11/2020
23;CÓRDOBA;23686;SAN PELAYO;1;2020;11/11/2020
25;CUNDINAMARCA;25718;SASAIMA;1;2020;11/11/2020
27;CHOCÓ;27160;CÉRTEGUI;1;2020;11/11/2020
41;HUILA;41306;GIGANTE;1;2020;11/11/2020
41;HUILA;41799;TELLO;1;2020;11/11/2020
47;MAGDALENA;47660;SABANAS DE SAN ÁNGEL;1;2020;11/11/2020
52;NARIÑO;52520;FRANCISCO PIZARRO;1;2020;11/11/2020
54;NORTE DE SANTANDER;54599;RAGONVALIA;1;2020;11/11/2020
68;SANTANDER;68077;BARBOSA;1;2020;11/11/2020
68;SANTANDER;68264;ENCINO;1;2020;11/11/2020
68;SANTANDER;68397;LA PAZ;1;2020;11/11/2020
68;SANTANDER;68682;SAN JOAQUÍN;1;2020;11/11/2020
68;SANTANDER;68686;SAN MIGUEL;1;2020;11/11/2020
68;SANTANDER;68755;SOCORRO;1;2020;11/11/2020
73;TOLIMA;73067;ATACO;1;2020;11/11/2020
73;TOLIMA;73275;FLANDES;1;2020;11/11/2020
86;PUTUMAYO;86219;COLÓN;1;2020;11/11/2020
18;CAQUETÁ;18860;VALPARAÍSO;1;2020;18/11/2020
19;CAUCA;19743;SILVIA;1;2020;18/11/2020
41;HUILA;41319;GUADALUPE;1;2020;18/11/2020
41;HUILA;41530;PALESTINA;1;2020;18/11/2020
54;NORTE DE SANTANDER;54128;CÁCHIRA;1;2020;18/11/2020
73;TOLIMA;73563;PRADO;1;2020;18/11/2020
99;VICHADA;99001;PUERTO CARREÑO;1;2020;18/11/2020
25;CUNDINAMARCA;25151;CÁQUEZA;1;2020;24/11/2020
41;HUILA;41801;TERUEL;1;2020;24/11/2020
50;META;50006;ACACÍAS;1;2020;24/11/2020
66;RISARALDA;66594;QUINCHÍA;1;2020;24/11/2020
68;SANTANDER;68179;CHIPATÁ;1;2020;24/11/2020
68;SANTANDER;68217;COROMORO;1;2020;24/11/2020
68;SANTANDER;68425;MACARAVITA;1;2020;24/11/2020
68;SANTANDER;68549;PINCHOTE;1;2020;24/11/2020
73;TOLIMA;73504;ORTEGA;1;2020;26/11/2020
15;BOYACÁ;15514;PÁEZ;1;2020;3/12/2020
25;CUNDINAMARCA;25489;NIMAIMA;1;2020;3/12/2020
50;META;50568;PUERTO GAITÁN;1;2020;3/12/2020
52;NARIÑO;52585;PUPIALES;1;2020;3/12/2020
66;RISARALDA;66088;BELÉN DE UMBRÍA;1;2020;3/12/2020
5;ANTIOQUIA;5113;BURITICÁ;1;2020;15/12/2020
27;CHOCÓ;27250;EL LITORAL DEL SAN JUAN;1;2020;15/12/2020
52;NARIÑO;52405;LEIVA;1;2020;15/12/2020
68;SANTANDER;68079;BARICHARA;1;2020;15/12/2020
68;SANTANDER;68745;SIMACOTA;1;2020;15/12/2020
8;ATLÁNTICO;8634;SABANAGRANDE;1;2020;16/12/2020
15;BOYACÁ;15176;CHIQUINQUIRÁ;1;2020;16/12/2020
15;BOYACÁ;15816;TOGÜÍ;1;2020;16/12/2020
25;CUNDINAMARCA;25168;CHAGUANÍ;1;2020;16/12/2020
25;CUNDINAMARCA;25260;EL ROSAL;1;2020;16/12/2020
25;CUNDINAMARCA;25293;GACHALÁ;1;2020;16/12/2020
50;META;50686;SAN JUANITO;1;2020;16/12/2020
52;NARIÑO;52254;EL PEÑOL;1;2020;16/12/2020
68;SANTANDER;68533;PÁRAMO;1;2020;16/12/2020
70;SUCRE;70230;CHALÁN;1;2020;16/12/2020
76;VALLE DEL CAUCA;76606;RESTREPO;1;2020;16/12/2020
86;PUTUMAYO;86569;PUERTO CAICEDO;1;2020;16/12/2020
86;PUTUMAYO;86749;SIBUNDOY;1;2020;16/12/2020
13;BOLÍVAR;13688;SANTA ROSA DEL SUR;0;2021;16/12/2020
70;SUCRE;70110;BUENAVISTA;1;2020;15/10/2020
41;HUILA;41551;PITALITO;1;2020;20/12/2020
15;BOYACÁ;15380;LA CAPILLA;0;2020;21/12/2020
15;BOYACÁ;15531;PAUNA;1;2020;21/12/2020
18;CAQUETÁ;18094;BELÉN DE LOS ANDAQUÍES;1;2020;21/12/2020
25;CUNDINAMARCA;25326;GUATAVITA;1;2020;21/12/2020
25;CUNDINAMARCA;25736;SESQUILÉ;1;2020;21/12/2020
52;NARIÑO;52210;CONTADERO;1;2020;21/12/2020
66;RISARALDA;66075;BALBOA;1;2020;21/12/2020
68;SANTANDER;68773;SUCRE;1;2020;21/12/2020
73;TOLIMA;73408;LÉRIDA;1;2020;21/12/2020
91;AMAZONAS;91001;LETICIA;1;2020;21/12/2020
15;BOYACÁ;15832;TUNUNGUÁ;1;2020;23/12/2020
19;CAUCA;19137;CALDONO;1;2020;23/12/2020
27;CHOCÓ;27600;RÍO QUITO;1;2020;23/12/2020
41;HUILA;41548;PITAL;1;2020;23/12/2020
44;LA GUAJIRA;44090;DIBULLA;1;2020;23/12/2020
47;MAGDALENA;47001;SANTA MARTA;1;2020;23/12/2020
50;META;50318;GUAMAL;1;2020;23/12/2020
54;NORTE DE SANTANDER;54051;ARBOLEDAS;1;2020;23/12/2020
63;QUINDÍO;63212;CÓRDOBA;1;2020;23/12/2020
70;SUCRE;70400;LA UNIÓN;1;2020;23/12/2020
73;TOLIMA;73873;VILLARRICA;1;2020;23/12/2020
76;VALLE DEL CAUCA;76109;BUENAVENTURA;1;2020;23/12/2020
41;HUILA;41298;GARZÓN;1;2020;31/12/2020
17;CALDAS;17446;MARULANDA;1;2020;18/01/2021
19;CAUCA;19845;VILLA RICA;1;2020;18/01/2021
25;CUNDINAMARCA;25785;TABIO;1;2020;18/01/2021
52;NARIÑO;52490;OLAYA HERRERA;1;2020;18/01/2021
66;RISARALDA;66572;PUEBLO RICO;1;2020;18/01/2021
70;SUCRE;70702;SAN JUAN DE BETULIA;1;2020;18/01/2021
73;TOLIMA;73352;ICONONZO;1;2020;18/01/2021
73;TOLIMA;73854;VALLE DE SAN JUAN;1;2020;18/01/2021
86;PUTUMAYO;86571;PUERTO GUZMÁN;1;2020;18/01/2021
5;ANTIOQUIA;5129;CALDAS;1;2020;27/01/2021
19;CAUCA;19548;PIENDAMÓ;1;2020;27/01/2021
63;QUINDÍO;63130;CALARCÁ;1;2020;27/01/2021
19;CAUCA;19418;LÓPEZ DE MICAY;1;2020;3/02/2021
27;CHOCÓ;27800;UNGUÍA;1;2020;3/02/2021
76;VALLE DEL CAUCA;76243;EL ÁGUILA;1;2020;3/02/2021
99;VICHADA;99773;CUMARIBO;1;2020;3/02/2021
27;CHOCÓ;27025;ALTO BAUDÓ;1;2021;3/02/2021
27;CHOCÓ;27491;NÓVITA;1;2021;3/02/2021
86;PUTUMAYO;86001;MOCOA;1;2021;3/02/2021
68;SANTANDER;68770;SUAITA;1;2021;18/02/2021
13;BOLÍVAR;13458;MONTECRISTO;1;2021;22/02/2021
17;CALDAS;17486;NEIRA;1;2021;22/02/2021
66;RISARALDA;66456;MISTRATÓ;1;2021;22/02/2021
86;PUTUMAYO;86865;VALLE DEL GUAMUEZ;1;2021;22/02/2021
68;SANTANDER;68522;PALMAR;1;2021;5/03/2021
52;NARIÑO;52685;SAN BERNARDO;1;2021;8/03/2021
68;SANTANDER;68867;VETAS;1;2021;8/03/2021
85;CASANARE;85250;PAZ DE ARIPORO;1;2021;8/03/2021
68;SANTANDER;68132;CALIFORNIA;1;2021;18/03/2021
68;SANTANDER;68444;MATANZA;1;2021;18/03/2021
68;SANTANDER;68160;CEPITÁ;1;2021;26/03/2021
47;MAGDALENA;47960;ZAPAYÁN;1;2021;5/04/2021
68;SANTANDER;68209;CONFINES;1;2021;5/04/2021
73;TOLIMA;73870;VILLAHERMOSA;1;2021;5/04/2021
15;BOYACÁ;15001;TUNJA;1;2021;16/04/2021
52;NARIÑO;52565;PROVIDENCIA;1;2021;16/04/2021
54;NORTE DE SANTANDER;54261;EL ZULIA;1;2021;16/04/2021
68;SANTANDER;68705;SANTA BÁRBARA;1;2021;16/04/2021
68;SANTANDER;68720;SANTA HELENA DEL OPÓN;1;2021;16/04/2021
73;TOLIMA;73217;COYAIMA;1;2021;16/04/2021
76;VALLE DEL CAUCA;76892;YUMBO;1;2021;16/04/2021
19;CAUCA;19455;MIRANDA;1;2021;23/04/2021
41;HUILA;41676;SANTA MARÍA;1;2021;23/04/2021
41;HUILA;41770;SUAZA;1;2021;23/04/2021
41;HUILA;41872;VILLAVIEJA;1;2021;23/04/2021
47;MAGDALENA;47555;PLATO;1;2021;23/04/2021
54;NORTE DE SANTANDER;54418;LOURDES;1;2021;23/04/2021
68;SANTANDER;68235;EL CARMEN DE CHUCURI;1;2021;23/04/2021
68;SANTANDER;68418;LOS SANTOS;1;2021;23/04/2021
41;HUILA;41206;COLOMBIA;1;2021;4/05/2021
52;NARIÑO;52678;SAMANIEGO;1;2021;4/05/2021
54;NORTE DE SANTANDER;54553;PUERTO SANTANDER;1;2021;4/05/2021
68;SANTANDER;68162;CERRITO;1;2021;4/05/2021
5;ANTIOQUIA;5893;YONDÓ;1;2021;6/05/2021
18;CAQUETÁ;18029;ALBANIA;1;2021;6/05/2021
41;HUILA;41016;AIPE;1;2021;6/05/2021
54;NORTE DE SANTANDER;54206;CONVENCIÓN;1;2021;6/05/2021
54;NORTE DE SANTANDER;54660;SALAZAR;1;2021;6/05/2021
85;CASANARE;85225;NUNCHÍA;1;2021;6/05/2021
41;HUILA;41668;SAN AGUSTÍN;1;2021;8/05/2021
41;HUILA;41660;SALADOBLANCO;1;2021;18/05/2021
52;NARIÑO;52411;LINARES;1;2021;18/05/2021
68;SANTANDER;68861;VÉLEZ;1;2021;18/05/2021
76;VALLE DEL CAUCA;76275;FLORIDA;1;2021;18/05/2021
18;CAQUETÁ;18753;SAN VICENTE DEL CAGUÁN;1;2021;21/05/2021
19;CAUCA;19364;JAMBALÓ;1;2021;21/05/2021
41;HUILA;41615;RIVERA;1;2021;21/05/2021
52;NARIÑO;52473;MOSQUERA;1;2021;21/05/2021
76;VALLE DEL CAUCA;76863;VERSALLES;1;2021;21/05/2021
99;VICHADA;99624;SANTA ROSALÍA;1;2021;21/05/2021
19;CAUCA;19585;PURACÉ;1;2021;27/05/2021
23;CÓRDOBA;23168;CHIMÁ;1;2021;4/06/2021
23;CÓRDOBA;23807;TIERRALTA;1;2021;4/06/2021
86;PUTUMAYO;86573;PUERTO LEGUÍZAMO;1;2021;4/06/2021
5;ANTIOQUIA;5150;CAROLINA;1;2021;17/06/2021
5;ANTIOQUIA;5664;SAN PEDRO DE LOS MILAGROS;1;2021;17/06/2021
17;CALDAS;17001;MANIZALES;1;2021;17/06/2021
17;CALDAS;17495;NORCASIA;1;2021;17/06/2021
5;ANTIOQUIA;5604;REMEDIOS;1;2021;22/06/2021
8;ATLÁNTICO;8558;POLONUEVO;1;2021;22/06/2021
18;CAQUETÁ;18756;SOLANO;1;2021;22/06/2021
19;CAUCA;19100;BOLÍVAR;1;2021;22/06/2021
19;CAUCA;19290;FLORENCIA;1;2021;22/06/2021
27;CHOCÓ;27430;MEDIO BAUDÓ;1;2021;22/06/2021
52;NARIÑO;52110;BUESACO;1;2021;22/06/2021
54;NORTE DE SANTANDER;54520;PAMPLONITA;1;2021;22/06/2021
63;QUINDÍO;63594;QUIMBAYA;1;2021;22/06/2021
5;ANTIOQUIA;5030;AMAGÁ;1;2021;7/07/2021
5;ANTIOQUIA;5031;AMALFI;1;2021;7/07/2021
5;ANTIOQUIA;5212;COPACABANA;1;2021;7/07/2021
5;ANTIOQUIA;5411;LIBORINA;1;2021;7/07/2021
15;BOYACÁ;15104;BOYACÁ;1;2021;7/07/2021
15;BOYACÁ;15835;TURMEQUÉ;1;2021;7/07/2021
19;CAUCA;19450;MERCADERES;1;2021;7/07/2021
68;SANTANDER;68498;OCAMONTE;1;2021;7/07/2021
68;SANTANDER;68573;PUERTO PARRA;1;2021;7/07/2021
85;CASANARE;85263;PORE;1;2021;7/07/2021
94;GUAINÍA;94001;INÍRIDA;1;2021;7/07/2021
5;ANTIOQUIA;5055;ARGELIA;1;2021;12/07/2021
5;ANTIOQUIA;5059;ARMENIA;1;2021;12/07/2021
5;ANTIOQUIA;5101;CIUDAD BOLÍVAR;1;2021;12/07/2021
19;CAUCA;19785;SUCRE;1;2021;12/07/2021
68;SANTANDER;68245;EL GUACAMAYO;1;2021;12/07/2021
68;SANTANDER;68327;GÜEPSA;1;2021;12/07/2021
23;CÓRDOBA;23464;MOMIL;1;2021;21/07/2021
23;CÓRDOBA;23466;MONTELÍBANO;1;2021;21/07/2021
25;CUNDINAMARCA;25328;GUAYABAL DE SÍQUIMA;1;2021;21/07/2021
27;CHOCÓ;27073;BAGADÓ;1;2021;21/07/2021
50;META;50313;GRANADA;1;2021;21/07/2021
50;META;50689;SAN MARTÍN DE LOS LLANOS;1;2021;21/07/2021
63;QUINDÍO;63401;LA TEBAIDA;1;2021;21/07/2021
68;SANTANDER;68229;CURITÍ;1;2021;21/07/2021
68;SANTANDER;68271;FLORIÁN;1;2021;21/07/2021
68;SANTANDER;68377;LA BELLEZA;1;2021;21/07/2021
68;SANTANDER;68673;SAN BENITO;1;2021;21/07/2021
5;ANTIOQUIA;5856;VALPARAÍSO;1;2022;27/07/2021
25;CUNDINAMARCA;25281;FOSCA;1;2021;29/07/2021
27;CHOCÓ;27372;JURADÓ;1;2021;29/07/2021
50;META;50251;EL CASTILLO;1;2021;29/07/2021
52;NARIÑO;52693;SAN PABLO;1;2021;29/07/2021
68;SANTANDER;68101;BOLÍVAR;1;2021;29/07/2021
85;CASANARE;85440;VILLANUEVA;1;2021;29/07/2021
18;CAQUETÁ;18479;MORELIA;1;2021;4/08/2021
25;CUNDINAMARCA;25224;CUCUNUBÁ;1;2021;4/08/2021
44;LA GUAJIRA;44650;SAN JUAN DEL CESAR;1;2021;4/08/2021
47;MAGDALENA;47551;PIVIJAY;1;2021;4/08/2021
5;ANTIOQUIA;5809;TITIRIBÍ;1;2021;6/08/2021
13;BOLÍVAR;13222;CLEMENCIA;1;2021;6/08/2021
13;BOLÍVAR;13430;MAGANGUÉ;1;2021;6/08/2021
19;CAUCA;19001;POPAYÁN;1;2021;6/08/2021
19;CAUCA;19821;TORIBÍO;1;2021;9/08/2021
66;RISARALDA;66440;MARSELLA;1;2021;9/08/2021
76;VALLE DEL CAUCA;76126;CALIMA;1;2021;18/08/2021
20;CESAR;20060;BOSCONIA;0;2021;19/08/2021
86;PUTUMAYO;86755;SAN FRANCISCO;1;2021;19/08/2021
19;CAUCA;19473;MORALES;1;2021;23/08/2021
52;NARIÑO;52427;MAGÜÍ PAYÁN;1;2021;23/08/2021
68;SANTANDER;68368;JESÚS MARÍA;1;2021;23/08/2021
5;ANTIOQUIA;5686;SANTA ROSA DE OSOS;1;2021;2/09/2021
25;CUNDINAMARCA;25807;TIBIRITA;1;2021;2/09/2021
73;TOLIMA;73168;CHAPARRAL;1;2021;2/09/2021
19;CAUCA;19355;INZÁ;1;2021;7/09/2021
5;ANTIOQUIA;5237;DONMATÍAS;1;2021;10/09/2021
19;CAUCA;19824;TOTORÓ;1;2021;10/09/2021
25;CUNDINAMARCA;25324;GUATAQUÍ;1;2021;10/09/2021
25;CUNDINAMARCA;25488;NILO;1;2021;10/09/2021
25;CUNDINAMARCA;25873;VILLAPINZÓN;0;2021;10/09/2021
27;CHOCÓ;27450;MEDIO SAN JUAN;1;2021;10/09/2021
44;LA GUAJIRA;44430;MAICAO;1;2021;10/09/2021
50;META;50450;PUERTO CONCORDIA;1;2021;10/09/2021
52;NARIÑO;52621;ROBERTO PAYÁN;1;2021;10/09/2021
68;SANTANDER;68502;ONZAGA;1;2021;10/09/2021
68;SANTANDER;68780;SURATÁ;1;2021;10/09/2021
5;ANTIOQUIA;5440;MARINILLA;1;2021;29/09/2021
5;ANTIOQUIA;5854;VALDIVIA;1;2021;29/09/2021
25;CUNDINAMARCA;25483;NARIÑO;1;2021;29/09/2021
20;CESAR;20045;BECERRIL;1;2021;7/10/2021
17;CALDAS;17541;PENSILVANIA;1;2021;11/10/2021
27;CHOCÓ;27245;EL CARMEN DE ATRATO;1;2021;11/10/2021
47;MAGDALENA;47541;SANTA MARTA;1;2021;11/10/2021
66;RISARALDA;66383;LA CELIA;1;2021;11/10/2021
19;CAUCA;19256;EL TAMBO;1;2021;20/10/2021
25;CUNDINAMARCA;25506;VENECIA;1;2021;20/10/2021
73;TOLIMA;73686;SANTA ISABEL;1;2021;20/10/2021
86;PUTUMAYO;86320;ORITO;1;2021;20/10/2021
68;SANTANDER;68147;CAPITANEJO;1;2021;25/10/2021
19;CAUCA;19392;LA SIERRA;1;2021;29/10/2021
25;CUNDINAMARCA;25530;PARATEBUENO;1;2021;29/10/2021
41;HUILA;41359;ISNOS;1;2021;29/10/2021
47;MAGDALENA;47692;SAN SEBASTIÁN DE BUENAVISTA;1;2021;29/10/2021
63;QUINDÍO;63190;CIRCASIA;1;2021;29/10/2021
68;SANTANDER;68855;VALLE DE SAN JOSÉ;1;2021;29/10/2021
50;META;50330;MESETAS;1;2021;8/11/2021
5;ANTIOQUIA;5134;CAMPAMENTO;1;2021;22/11/2021
5;ANTIOQUIA;5361;ITUANGO;1;2021;22/11/2021
5;ANTIOQUIA;5861;VENECIA;1;2021;22/11/2021
15;BOYACÁ;15106;BRICEÑO;1;2021;22/11/2021
15;BOYACÁ;15189;CIÉNAGA;1;2021;22/11/2021
17;CALDAS;17524;PALESTINA;1;2021;22/11/2021
18;CAQUETÁ;18150;CARTAGENA DEL CHAIRÁ;1;2021;22/11/2021
18;CAQUETÁ;18256;EL PAUJÍL;1;2021;22/11/2021
13;BOLÍVAR;13140;CALAMAR;1;2021;23/11/2021
13;BOLÍVAR;13894;ZAMBRANO;1;2021;23/11/2021
15;BOYACÁ;15232;CHÍQUIZA;1;2021;23/11/2021
15;BOYACÁ;15537;PAZ DE RÍO;1;2021;23/11/2021
15;BOYACÁ;15621;RONDÓN;1;2021;23/11/2021
15;BOYACÁ;15861;VENTAQUEMADA;1;2021;23/11/2021
19;CAUCA;19517;PÁEZ;1;2021;23/11/2021
25;CUNDINAMARCA;25299;GAMA;1;2021;23/11/2021
25;CUNDINAMARCA;25438;MEDINA;1;2021;23/11/2021
25;CUNDINAMARCA;25491;NOCAIMA;1;2021;23/11/2021
25;CUNDINAMARCA;25524;PANDI;1;2021;23/11/2021
8;ATLÁNTICO;8436;MANATÍ;1;2022;23/11/2021
68;SANTANDER;68092;BETULIA;0;2022;23/11/2021
15;BOYACÁ;15087;BELÉN;1;2021;30/11/2021
15;BOYACÁ;15248;EL ESPINO;1;2021;30/11/2021
15;BOYACÁ;15476;MOTAVITA;1;2021;30/11/2021
25;CUNDINAMARCA;25658;SAN FRANCISCO;1;2021;30/11/2021
15;BOYACÁ;15097;BOAVITA;1;2021;6/12/2021
15;BOYACÁ;15299;GARAGOA;1;2021;6/12/2021
15;BOYACÁ;15516;PAIPA;1;2021;6/12/2021
15;BOYACÁ;15632;SABOYÁ;1;2021;6/12/2021
19;CAUCA;19760;SOTARÁ PAISPAMBA;1;2021;6/12/2021
25;CUNDINAMARCA;25086;BELTRÁN;1;2021;6/12/2021
25;CUNDINAMARCA;25181;CHOACHÍ;1;2021;6/12/2021
27;CHOCÓ;27615;RIOSUCIO;1;2021;6/12/2021
68;SANTANDER;68207;CONCEPCIÓN;1;2021;6/12/2021
68;SANTANDER;68406;LEBRIJA;1;2021;6/12/2021
5;ANTIOQUIA;5658;SAN JOSÉ DE LA MONTAÑA;1;2021;22/12/2021
15;BOYACÁ;15204;CÓMBITA;1;2021;22/12/2021
15;BOYACÁ;15638;SÁCHICA;1;2021;22/12/2021
15;BOYACÁ;15686;SANTANA;1;2021;22/12/2021
15;BOYACÁ;15839;TUTAZÁ;1;2021;22/12/2021
25;CUNDINAMARCA;25297;GACHETÁ;1;2021;22/12/2021
25;CUNDINAMARCA;25335;GUAYABETAL;1;2021;22/12/2021
25;CUNDINAMARCA;25645;SAN ANTONIO DEL TEQUENDAMA;1;2021;22/12/2021
27;CHOCÓ;27099;BOJAYÁ;1;2021;22/12/2021
50;META;50245;EL CALVARIO;1;2021;22/12/2021
52;NARIÑO;52083;BELÉN;1;2021;22/12/2021
68;SANTANDER;68370;JORDÁN;1;2021;22/12/2021
68;SANTANDER;68385;LANDÁZURI;1;2021;22/12/2021
5;ANTIOQUIA;5543;PEQUE;1;2021;24/12/2021
15;BOYACÁ;15814;TOCA;1;2021;24/12/2021
50;META;50370;URIBE;1;2021;24/12/2021
76;VALLE DEL CAUCA;76622;ROLDANILLO;1;2021;24/12/2021
13;BOLÍVAR;13074;BARRANCO DE LOBA;1;2021;3/01/2022
15;BOYACÁ;15518;PAJARITO;1;2021;3/01/2022
25;CUNDINAMARCA;25398;LA PEÑA;1;2021;3/01/2022
25;CUNDINAMARCA;25513;PACHO;1;2021;3/01/2022
25;CUNDINAMARCA;25878;VIOTÁ;1;2021;3/01/2022
25;CUNDINAMARCA;25885;YACOPÍ;1;2021;3/01/2022
27;CHOCÓ;27810;UNIÓN PANAMERICANA;1;2021;3/01/2022
73;TOLIMA;73055;ARMERO;1;2021;3/01/2022
25;CUNDINAMARCA;25779;SUSA;1;2021;18/01/2022
25;CUNDINAMARCA;25823;TOPAIPÍ;1;2021;18/01/2022
25;CUNDINAMARCA;25875;VILLETA;1;2021;18/01/2022
68;SANTANDER;68296;GALÁN;1;2021;18/01/2022
68;SANTANDER;68575;PUERTO WILCHES;1;2021;18/01/2022
68;SANTANDER;68684;SAN JOSÉ DE MIRANDA;1;2021;18/01/2022
81;ARAUCA;81736;SARAVENA;1;2021;18/01/2022
68;SANTANDER;68176;CHIMA;1;2021;27/01/2022
25;CUNDINAMARCA;25758;SOPÓ;1;2022;27/01/2022
25;CUNDINAMARCA;25258;EL PEÑÓN;1;2021;30/01/2022
66;RISARALDA;66318;GUÁTICA;1;2021;2/02/2022
68;SANTANDER;68468;MOLAGAVITA;1;2021;11/02/2022
73;TOLIMA;73483;NATAGAIMA;1;2021;11/02/2022
52;NARIÑO;52233;CUMBITARA;1;2022;11/02/2022
19;CAUCA;19807;TIMBÍO;1;2022;24/02/2022
15;BOYACÁ;15764;SORACÁ;1;2022;7/03/2022
25;CUNDINAMARCA;25339;GUTIÉRREZ;1;2022;7/03/2022
15;BOYACÁ;15183;CHITA;1;2022;10/03/2022
15;BOYACÁ;15533;PAYA;1;2022;10/03/2022
15;BOYACÁ;15572;PUERTO BOYACÁ;1;2022;10/03/2022
15;BOYACÁ;15660;SAN EDUARDO;1;2022;10/03/2022
52;NARIÑO;52699;SANTACRUZ;1;2022;10/03/2022
15;BOYACÁ;15362;IZA;1;2022;16/03/2022
15;BOYACÁ;15322;GUATEQUE;1;2022;25/03/2022
15;BOYACÁ;15511;PACHAVITA;1;2022;25/03/2022
27;CHOCÓ;27787;TADÓ;1;2022;25/03/2022
15;BOYACÁ;15090;BERBEO;1;2022;1/04/2022
68;SANTANDER;68500;OIBA;1;2022;1/04/2022
15;BOYACÁ;15051;ARCABUCO;1;2022;6/04/2022
15;BOYACÁ;15804;TIBANÁ;1;2022;6/04/2022
5;ANTIOQUIA;5887;YARUMAL;1;2022;19/04/2022
15;BOYACÁ;15480;MUZO;1;2022;19/04/2022
23;CÓRDOBA;23574;PUERTO ESCONDIDO;1;2022;19/04/2022
68;SANTANDER;68318;GUACA;1;2022;19/04/2022
73;TOLIMA;73547;PIEDRAS;1;2022;19/04/2022
15;BOYACÁ;15740;SIACHOQUE;1;2022;29/04/2022
15;BOYACÁ;15763;SOTAQUIRÁ;1;2022;29/04/2022
25;CUNDINAMARCA;25793;TAUSA;1;2022;29/04/2022
27;CHOCÓ;27050;ATRATO;1;2022;29/04/2022
52;NARIÑO;52885;YACUANQUER;1;2022;29/04/2022
68;SANTANDER;68322;GUAPOTÁ;1;2022;29/04/2022
68;SANTANDER;68615;RIONEGRO;1;2022;29/04/2022
73;TOLIMA;73026;ALVARADO;1;2022;29/04/2022
5;ANTIOQUIA;5091;BETANIA;1;2022;6/06/2022
5;ANTIOQUIA;5667;SAN RAFAEL;1;2022;6/06/2022
5;ANTIOQUIA;5792;TARSO;1;2022;6/06/2022
15;BOYACÁ;15224;CUCAITA;1;2022;6/06/2022
20;CESAR;20570;PUEBLO BELLO;1;2022;6/06/2022
25;CUNDINAMARCA;25649;SAN BERNARDO;1;2022;6/06/2022
27;CHOCÓ;27413;LLORÓ;1;2022;6/06/2022
47;MAGDALENA;47170;CHIBOLÓ;1;2022;6/06/2022
68;SANTANDER;68190;CIMITARRA;1;2022;6/06/2022
68;SANTANDER;68211;CONTRATACIÓN;1;2022;6/06/2022
5;ANTIOQUIA;5044;ANZÁ;1;2022;10/06/2022
5;ANTIOQUIA;5652;SAN FRANCISCO;1;2022;10/06/2022
15;BOYACÁ;15109;BUENAVISTA;1;2022;10/06/2022
15;BOYACÁ;15599;RAMIRIQUÍ;1;2022;10/06/2022
23;CÓRDOBA;23350;LA APARTADA;1;2022;10/06/2022
25;CUNDINAMARCA;25288;FÚQUENE;1;2022;10/06/2022
25;CUNDINAMARCA;25599;APULO;1;2022;10/06/2022
27;CHOCÓ;27361;ISTMINA;1;2022;10/06/2022
47;MAGDALENA;47053;ARACATACA;1;2022;10/06/2022
47;MAGDALENA;47460;NUEVA GRANADA;1;2022;10/06/2022
68;SANTANDER;68344;HATO;1;2022;10/06/2022
70;SUCRE;70508;OVEJAS;1;2022;10/06/2022
73;TOLIMA;73411;LÍBANO;1;2022;10/06/2022
50;META;50577;PUERTO LLERAS;1;2022;21/06/2022
5;ANTIOQUIA;5038;ANGOSTURA;1;2022;22/06/2022
5;ANTIOQUIA;5858;VEGACHÍ;1;2022;22/06/2022
8;ATLÁNTICO;8421;LURUACO;1;2022;22/06/2022
13;BOLÍVAR;13433;MAHATES;1;2022;22/06/2022
15;BOYACÁ;15367;JENESANO;1;2022;22/06/2022
15;BOYACÁ;15762;SORA;1;2022;22/06/2022
15;BOYACÁ;15776;SUTAMARCHÁN;1;2022;22/06/2022
17;CALDAS;17616;RISARALDA;1;2022;22/06/2022
20;CESAR;20238;EL COPEY;1;2022;22/06/2022
23;CÓRDOBA;23068;AYAPEL;1;2022;22/06/2022
25;CUNDINAMARCA;25799;TENJO;0;2022;22/06/2022
27;CHOCÓ;27135;EL CANTÓN DEL SAN PABLO;1;2022;22/06/2022
70;SUCRE;70473;MORROA;1;2022;22/06/2022
86;PUTUMAYO;86568;PUERTO ASÍS;1;2022;22/06/2022
5;ANTIOQUIA;5390;LA PINTADA;1;2022;1/07/2022
5;ANTIOQUIA;5697;EL SANTUARIO;1;2022;1/07/2022
23;CÓRDOBA;23570;PUEBLO NUEVO;1;2022;1/07/2022
25;CUNDINAMARCA;25368;JERUSALÉN;1;2022;1/07/2022
25;CUNDINAMARCA;25386;LA MESA;1;2022;1/07/2022
25;CUNDINAMARCA;25426;MACHETÁ;1;2022;1/07/2022
76;VALLE DEL CAUCA;76041;ANSERMANUEVO;1;2022;1/07/2022
76;VALLE DEL CAUCA;76054;ARGELIA;1;2022;1/07/2022
94;GUAINÍA;94343;BARRANCOMINAS;1;2022;1/07/2022
5;ANTIOQUIA;5467;MONTEBELLO;1;2022;7/07/2022
15;BOYACÁ;15681;SAN PABLO DE BORBUR;1;2022;7/07/2022
25;CUNDINAMARCA;25035;ANAPOIMA;1;2022;7/07/2022
25;CUNDINAMARCA;25312;GRANADA;1;2022;7/07/2022
25;CUNDINAMARCA;25596;QUIPILE;1;2022;7/07/2022
68;SANTANDER;68169;CHARTA;1;2022;7/07/2022
73;TOLIMA;73148;CARMEN DE APICALÁ;1;2022;7/07/2022
5;ANTIOQUIA;5086;BELMIRA;1;2022;14/07/2022
13;BOLÍVAR;13655;SAN JACINTO DEL CAUCA;1;2022;14/07/2022
68;SANTANDER;68432;MÁLAGA;1;2022;14/07/2022
5;ANTIOQUIA;5190;CISNEROS;1;2022;19/07/2022
8;ATLÁNTICO;8141;CANDELARIA;1;2022;19/07/2022
8;ATLÁNTICO;8606;REPELÓN;1;2022;19/07/2022
15;BOYACÁ;15401;LA VICTORIA;1;2022;19/07/2022
17;CALDAS;17662;SAMANÁ;1;2022;19/07/2022
19;CAUCA;19318;GUAPI;1;2022;19/07/2022
25;CUNDINAMARCA;25740;SIBATÉ;1;2022;19/07/2022
70;SUCRE;70418;LOS PALMITOS;1;2022;19/07/2022
81;ARAUCA;81591;PUERTO RONDÓN;1;2022;19/07/2022
91;AMAZONAS;91540;PUERTO NARIÑO;1;2022;19/07/2022
70;SUCRE;70771;SUCRE;1;2022;2/08/2022
76;VALLE DEL CAUCA;76036;ANDALUCÍA;1;2022;2/08/2022
81;ARAUCA;81300;FORTUL;1;2022;2/08/2022
5;ANTIOQUIA;5264;ENTRERRÍOS;1;2022;5/08/2022
5;ANTIOQUIA;5591;PUERTO TRIUNFO;1;2022;5/08/2022
13;BOLÍVAR;13647;SAN ESTANISLAO;1;2022;5/08/2022
17;CALDAS;17513;PÁCORA;1;2022;5/08/2022
20;CESAR;20383;LA GLORIA;1;2022;5/08/2022
70;SUCRE;70235;GALERAS;1;2022;5/08/2022
5;ANTIOQUIA;5004;ABRIAQUÍ;1;2022;9/08/2022
25;CUNDINAMARCA;25200;COGUA;1;2022;9/08/2022
5;ANTIOQUIA;5042;SANTA FÉ DE ANTIOQUIA;1;2022;19/08/2022
5;ANTIOQUIA;5315;GUADALUPE;1;2022;19/08/2022
5;ANTIOQUIA;5585;PUERTO NARE;1;2022;19/08/2022
13;BOLÍVAR;13760;SOPLAVIENTO;1;2022;19/08/2022
23;CÓRDOBA;23586;PURÍSIMA DE LA CONCEPCIÓN;1;2022;19/08/2022
5;ANTIOQUIA;5347;HELICONIA;1;2022;26/08/2022
20;CESAR;20787;TAMALAMEQUE;1;2022;20/09/2022
17;CALDAS;17877;VITERBO;1;2022;11/10/2022
25;CUNDINAMARCA;25797;TENA;1;2022;11/10/2022
15;BOYACÁ;15047;AQUITANIA;1;2022;12/10/2022
15;BOYACÁ;15778;SUTATENZA;1;2022;12/10/2022
17;CALDAS;17380;LA DORADA;1;2022;28/10/2022
15;BOYACÁ;15212;COPER;1;2022;2/11/2022
25;CUNDINAMARCA;25867;VIANÍ;1;2021;23/11/2022
63;QUINDÍO;63690;SALENTO;1;2022;14/12/2022
5;ANTIOQUIA;5761;SOPETRÁN;1;2022;20/01/2023
52;NARIÑO;52696;SANTA BÁRBARA DE ISCUANDÉ;1;2022;20/01/2023
25;CUNDINAMARCA;25572;PUERTO SALGAR;1;2023;27/03/2023
52;NARIÑO;52835;SAN ANDRÉS DE TUMACO;1;2023;31/03/2023
52;NARIÑO;52687;SAN LORENZO;1;2023;14/04/2023
15;BOYACÁ;15244;EL COCUY;1;2023;10/05/2023
95;GUAVIARE;95200;MIRAFLORES;1;2023;10/05/2023
50;META;50223;CUBARRAL;1;2023;16/05/2023
52;NARIÑO;52224;CUASPUD CARLOSAMA;1;2023;31/05/2023
76;VALLE DEL CAUCA;76248;EL CERRITO;1;2023;14/06/2023
47;MAGDALENA;47189;CIÉNAGA;1;2023;25/06/2023
15;BOYACÁ;15542;PESCA;1;2023;4/07/2023
15;BOYACÁ;15696;SANTA SOFÍA;1;2023;4/07/2023
20;CESAR;20443;MANAURE BALCÓN DEL CESAR;1;2023;11/07/2023
5;ANTIOQUIA;5360;ITAGÜÍ;0;2016;NA
5;ANTIOQUIA;5380;LA ESTRELLA;0;2016;NA
8;ATLÁNTICO;8001;BARRANQUILLA;0;2016;NA
13;BOLÍVAR;13001;CARTAGENA DE INDIAS;0;2016;NA
23;CÓRDOBA;23417;LORICA;0;2016;NA
23;CÓRDOBA;23660;SAHAGÚN;0;2016;NA
25;CUNDINAMARCA;25126;CAJICÁ;0;2016;NA
25;CUNDINAMARCA;25175;CHÍA;0;2016;NA
25;CUNDINAMARCA;25214;COTA;0;2016;NA
25;CUNDINAMARCA;25430;MADRID;0;2016;NA
25;CUNDINAMARCA;25754;SOACHA;0;2016;NA
25;CUNDINAMARCA;25899;ZIPAQUIRÁ;0;2016;NA
41;HUILA;41001;NEIVA;0;2016;NA
50;META;50001;VILLAVICENCIO;0;2016;NA
52;NARIÑO;52001;PASTO;0;2016;NA
63;QUINDÍO;63272;FILANDIA;0;2016;NA
68;SANTANDER;68001;BUCARAMANGA;0;2016;NA
68;SANTANDER;68081;BARRANCABERMEJA;0;2016;NA
68;SANTANDER;68307;GIRÓN;0;2016;NA
88;ARCHIPIÉLAGO DE SAN ANDRÉS, PROVIDENCIA Y SANTA CATALINA;88001;SAN ANDRÉS;0;2016;NA
8;ATLÁNTICO;8372;JUAN DE ACOSTA;0;2020;NA
8;ATLÁNTICO;8433;MALAMBO;0;2020;NA
8;ATLÁNTICO;8685;SANTO TOMÁS;0;2020;NA
8;ATLÁNTICO;8758;SOLEDAD;0;2020;NA
8;ATLÁNTICO;8849;USIACURÍ;0;2020;NA
13;BOLÍVAR;13062;ARROYOHONDO;0;2020;NA
13;BOLÍVAR;13683;SANTA ROSA;1;2020;NA
13;BOLÍVAR;13873;VILLANUEVA;1;2020;NA
15;BOYACÁ;15022;ALMEIDA;0;2020;NA
15;BOYACÁ;15494;NUEVO COLÓN;1;2020;NA
15;BOYACÁ;15761;SOMONDOCO;0;2020;NA
17;CALDAS;17444;MARQUETALIA;0;2020;NA
18;CAQUETÁ;18410;LA MONTAÑITA;0;2020;NA
18;CAQUETÁ;18610;SAN JOSÉ DEL FRAGUA;0;2020;NA
19;CAUCA;19022;ALMAGUER;1;2020;NA
19;CAUCA;19130;CAJIBÍO;1;2020;NA
23;CÓRDOBA;23672;SAN ANTERO;0;2020;NA
25;CUNDINAMARCA;25099;BOJACÁ;0;2020;NA
25;CUNDINAMARCA;25317;GUACHETA;0;2020;NA
25;CUNDINAMARCA;25612;RICAURTE;1;2020;NA
25;CUNDINAMARCA;25777;SUPATÁ;0;2020;NA
41;HUILA;41026;ALTAMIRA;0;2020;NA
41;HUILA;41524;PALERMO;0;2020;NA
41;HUILA;41885;YAGUARÁ;0;2020;NA
44;LA GUAJIRA;44378;HATONUEVO;0;2020;NA
47;MAGDALENA;47161;CERRO DE SAN ANTONIO;1;2020;NA
50;META;50110;BARRANCA DE UPÍA;0;2020;NA
50;META;50150;CASTILLA LA NUEVA;0;2020;NA
50;META;50711;VISTA HERMOSA;0;2020;NA
52;NARIÑO;52240;CHACHAGÜÍ;0;2020;NA
52;NARIÑO;52352;ILES;0;2020;NA
52;NARIÑO;52354;IMUÉS;0;2020;NA
52;NARIÑO;52378;LA CRUZ;0;2020;NA
52;NARIÑO;52399;LA UNIÓN;0;2020;NA
52;NARIÑO;52506;OSPINA;0;2020;NA
54;NORTE DE SANTANDER;54001;SAN JOSÉ DE CÚCUTA;0;2020;NA
54;NORTE DE SANTANDER;54003;ÁBREGO;0;2020;NA
54;NORTE DE SANTANDER;54099;BOCHALEMA;1;2020;NA
54;NORTE DE SANTANDER;54109;BUCARASICA;0;2020;NA
54;NORTE DE SANTANDER;54172;CHINÁCOTA;0;2020;NA
66;RISARALDA;66001;PEREIRA;0;2020;NA
70;SUCRE;70265;GUARANDA;0;2020;NA
73;TOLIMA;73001;IBAGUÉ;0;2020;NA
73;TOLIMA;73622;RONCESVALLES;0;2020;NA
76;VALLE DEL CAUCA;76020;ALCALÁ;0;2020;NA
76;VALLE DEL CAUCA;76111;GUADALAJARA DE BUGA;0;2020;NA
76;VALLE DEL CAUCA;76130;CANDELARIA;0;2020;NA
76;VALLE DEL CAUCA;76318;GUACARÍ;0;2020;NA
76;VALLE DEL CAUCA;76828;TRUJILLO;0;2020;NA
76;VALLE DEL CAUCA;76890;YOTOCO;0;2020;NA
85;CASANARE;85139;MANÍ;0;2020;NA
5;ANTIOQUIA;5021;ALEJANDRÍA;0;2021;NA
5;ANTIOQUIA;5045;APARTADÓ;0;2021;NA
5;ANTIOQUIA;5088;BELLO;0;2021;NA
5;ANTIOQUIA;5093;BETULIA;1;2021;NA
5;ANTIOQUIA;5138;CAÑASGORDAS;0;2021;NA
5;ANTIOQUIA;5148;EL CARMEN DE VIBORAL;0;2021;NA
5;ANTIOQUIA;5197;COCORNÁ;0;2021;NA
5;ANTIOQUIA;5209;CONCORDIA;0;2021;NA
5;ANTIOQUIA;5284;FRONTINO;0;2021;NA
5;ANTIOQUIA;5313;GRANADA;0;2021;NA
5;ANTIOQUIA;5353;HISPANIA;0;2021;NA
5;ANTIOQUIA;5368;JERICÓ;0;2021;NA
5;ANTIOQUIA;5425;MACEO;0;2021;NA
5;ANTIOQUIA;5480;MUTATÁ;0;2021;NA
5;ANTIOQUIA;5490;NECOCLÍ;0;2021;NA
5;ANTIOQUIA;5501;OLAYA;0;2021;NA
5;ANTIOQUIA;5576;PUEBLORRICO;0;2021;NA
5;ANTIOQUIA;5579;PUERTO BERRÍO;0;2021;NA
5;ANTIOQUIA;5660;SAN LUIS;0;2021;NA
5;ANTIOQUIA;5665;SAN PEDRO DE URABÁ;0;2021;NA
5;ANTIOQUIA;5674;SAN VICENTE FERRER;0;2021;NA
5;ANTIOQUIA;5679;SANTA BÁRBARA;0;2021;NA
5;ANTIOQUIA;5756;SONSÓN;0;2021;NA
5;ANTIOQUIA;5842;URAMITA;0;2021;NA
5;ANTIOQUIA;5847;URRAO;0;2021;NA
5;ANTIOQUIA;5885;YALÍ;0;2021;NA
5;ANTIOQUIA;5890;YOLOMBÓ;0;2021;NA
8;ATLÁNTICO;8078;BARANOA;0;2021;NA
8;ATLÁNTICO;8137;CAMPO DE LA CRUZ;0;2021;NA
8;ATLÁNTICO;8675;SANTA LUCÍA;0;2021;NA
13;BOLÍVAR;13490;NOROSÍ;0;2021;NA
13;BOLÍVAR;13620;SAN CRISTÓBAL;0;2021;NA
13;BOLÍVAR;13650;SAN FERNANDO;1;2021;NA
15;BOYACÁ;15114;BUSBANZÁ;0;2021;NA
15;BOYACÁ;15226;CUÍTIVA;0;2021;NA
15;BOYACÁ;15293;GACHANTIVÁ;0;2021;NA
15;BOYACÁ;15296;GÁMEZA;0;2021;NA
15;BOYACÁ;15325;GUAYATÁ;1;2021;NA
15;BOYACÁ;15368;JERICÓ;0;2021;NA
15;BOYACÁ;15466;MONGUÍ;0;2021;NA
15;BOYACÁ;15522;PANQUEBA;1;2021;NA
15;BOYACÁ;15550;PISBA;1;2021;NA
15;BOYACÁ;15600;RÁQUIRA;0;2021;NA
15;BOYACÁ;15690;SANTA MARÍA;1;2021;NA
15;BOYACÁ;15693;SANTA ROSA DE VITERBO;0;2021;NA
15;BOYACÁ;15723;SATIVASUR;0;2021;NA
15;BOYACÁ;15753;SOATÁ;0;2021;NA
15;BOYACÁ;15755;SOCOTÁ;0;2021;NA
15;BOYACÁ;15757;SOCHA;0;2021;NA
15;BOYACÁ;15790;TASCO;1;2021;NA
15;BOYACÁ;15798;TENZA;0;2021;NA
15;BOYACÁ;15806;TIBASOSA;0;2021;NA
15;BOYACÁ;15810;TIPACOQUE;0;2021;NA
15;BOYACÁ;15820;TÓPAGA;0;2021;NA
15;BOYACÁ;15837;TUTA;0;2021;NA
17;CALDAS;17088;BELALCÁZAR;0;2021;NA
19;CAUCA;19075;BALBOA;0;2021;NA
19;CAUCA;19622;ROSAS;0;2021;NA
19;CAUCA;19693;SAN SEBASTIÁN;1;2021;NA
19;CAUCA;19701;SANTA ROSA;0;2021;NA
20;CESAR;20001;VALLEDUPAR;0;2021;NA
20;CESAR;20032;ASTREA;0;2021;NA
20;CESAR;20310;GONZÁLEZ;0;2021;NA
20;CESAR;20614;RÍO DE ORO;0;2021;NA
20;CESAR;20750;SAN DIEGO;0;2021;NA
23;CÓRDOBA;23079;BUENAVISTA;0;2021;NA
23;CÓRDOBA;23162;CERETÉ;0;2021;NA
23;CÓRDOBA;23189;CIÉNAGA DE ORO;0;2021;NA
23;CÓRDOBA;23300;COTORRA;0;2021;NA
23;CÓRDOBA;23419;LOS CÓRDOBAS;0;2021;NA
23;CÓRDOBA;23500;MOÑITOS;0;2021;NA
23;CÓRDOBA;23555;PLANETA RICA;0;2021;NA
23;CÓRDOBA;23675;SAN BERNARDO DEL VIENTO;0;2021;NA
23;CÓRDOBA;23678;SAN CARLOS;1;2021;NA
25;CUNDINAMARCA;25001;AGUA DE DIOS;0;2021;NA
25;CUNDINAMARCA;25040;ANOLAIMA;0;2021;NA
25;CUNDINAMARCA;25053;ARBELÁEZ;0;2021;NA
25;CUNDINAMARCA;25120;CABRERA;1;2021;NA
25;CUNDINAMARCA;25322;GUASCA;0;2021;NA
25;CUNDINAMARCA;25815;TOCAIMA;0;2021;NA
25;CUNDINAMARCA;25862;VERGARA;0;2021;NA
25;CUNDINAMARCA;25871;VILLAGÓMEZ;1;2021;NA
27;CHOCÓ;27001;QUIBDÓ;0;2021;NA
27;CHOCÓ;27745;SIPÍ;0;2021;NA
44;LA GUAJIRA;44001;RIOHACHA;0;2021;NA
47;MAGDALENA;47205;CONCORDIA;0;2021;NA
47;MAGDALENA;47258;EL PIÑÓN;0;2021;NA
47;MAGDALENA;47675;SALAMINA;0;2021;NA
50;META;50590;PUERTO RICO;0;2021;NA
54;NORTE DE SANTANDER;54518;PAMPLONA;0;2021;NA
66;RISARALDA;66400;LA VIRGINIA;0;2021;NA
68;SANTANDER;68020;ALBANIA;1;2021;NA
68;SANTANDER;68276;FLORIDABLANCA;0;2021;NA
68;SANTANDER;68524;PALMAS DEL SOCORRO;0;2021;NA
68;SANTANDER;68669;SAN ANDRÉS ;1;2021;NA
68;SANTANDER;68895;ZAPATOCA;1;2021;NA
70;SUCRE;70823;SAN JOSÉ DE TOLUVIEJO;0;2021;NA
73;TOLIMA;73283;FRESNO;0;2021;NA
76;VALLE DEL CAUCA;76001;CALI;0;2021;NA
76;VALLE DEL CAUCA;76233;DAGUA;0;2021;NA
76;VALLE DEL CAUCA;76306;GINEBRA;0;2021;NA
76;VALLE DEL CAUCA;76834;TULUÁ;0;2021;NA
86;PUTUMAYO;86757;SAN MIGUEL;1;2021;NA
86;PUTUMAYO;86885;VILLAGARZÓN;0;2021;NA
5;ANTIOQUIA;5001;MEDELLÍN;0;2022;NA
5;ANTIOQUIA;5002;ABEJORRAL;0;2022;NA
5;ANTIOQUIA;5034;ANDES;1;2022;NA
5;ANTIOQUIA;5079;BARBOSA;0;2022;NA
5;ANTIOQUIA;5120;CÁCERES;0;2022;NA
5;ANTIOQUIA;5142;CARACOLÍ;1;2022;NA
5;ANTIOQUIA;5147;CAREPA;0;2022;NA
5;ANTIOQUIA;5154;CAUCASIA;0;2022;NA
5;ANTIOQUIA;5172;CHIGORODÓ;0;2022;NA
5;ANTIOQUIA;5234;DABEIBA;1;2022;NA
5;ANTIOQUIA;5240;EBÉJICO;1;2022;NA
5;ANTIOQUIA;5266;ENVIGADO;0;2022;NA
5;ANTIOQUIA;5282;FREDONIA;0;2022;NA
5;ANTIOQUIA;5306;GIRALDO;0;2022;NA
5;ANTIOQUIA;5308;GIRARDOTA;0;2022;NA
5;ANTIOQUIA;5310;GÓMEZ PLATA;1;2022;NA
5;ANTIOQUIA;5318;GUARNE;0;2022;NA
5;ANTIOQUIA;5321;GUATAPÉ;1;2022;NA
5;ANTIOQUIA;5475;MURINDÓ;1;2022;NA
5;ANTIOQUIA;5607;RETIRO;0;2022;NA
5;ANTIOQUIA;5615;RIONEGRO;0;2022;NA
5;ANTIOQUIA;5628;SABANALARGA;1;2022;NA
5;ANTIOQUIA;5642;SALGAR;1;2022;NA
5;ANTIOQUIA;5649;SAN CARLOS;1;2022;NA
5;ANTIOQUIA;5659;SAN JUAN DE URABÁ;1;2022;NA
5;ANTIOQUIA;5670;SAN ROQUE;1;2022;NA
8;ATLÁNTICO;8296;GALAPA;0;2022;NA
8;ATLÁNTICO;8549;PIOJÓ;0;2022;NA
8;ATLÁNTICO;8573;PUERTO COLOMBIA;0;2022;NA
13;BOLÍVAR;13052;ARJONA;1;2022;NA
13;BOLÍVAR;13212;CÓRDOBA;1;2022;NA
13;BOLÍVAR;13670;SAN PABLO;1;2022;NA
13;BOLÍVAR;13673;SANTA CATALINA;0;2022;NA
13;BOLÍVAR;13780;TALAIGUA NUEVO;0;2022;NA
15;BOYACÁ;15092;BETÉITIVA;1;2022;NA
15;BOYACÁ;15172;CHINAVITA;1;2022;NA
15;BOYACÁ;15180;CHISCAS;0;2022;NA
15;BOYACÁ;15185;CHITARAQUE;1;2022;NA
15;BOYACÁ;15238;DUITAMA;0;2022;NA
15;BOYACÁ;15332;GÜICÁN DE LA SIERRA;1;2022;NA
15;BOYACÁ;15403;LA UVITA;1;2022;NA
15;BOYACÁ;15425;MACANAL;0;2022;NA
15;BOYACÁ;15455;MIRAFLORES;1;2022;NA
15;BOYACÁ;15469;MONIQUIRÁ;0;2022;NA
15;BOYACÁ;15491;NOBSA;0;2022;NA
15;BOYACÁ;15500;OICATÁ;1;2022;NA
15;BOYACÁ;15507;OTANCHE;1;2022;NA
15;BOYACÁ;15664;SAN JOSÉ DE PARE;1;2022;NA
15;BOYACÁ;15897;ZETAQUIRA;1;2022;NA
17;CALDAS;17042;ANSERMA;1;2022;NA
17;CALDAS;17272;FILADELFIA;0;2022;NA
17;CALDAS;17614;RIOSUCIO;0;2022;NA
17;CALDAS;17665;SAN JOSÉ;1;2022;NA
18;CAQUETÁ;18592;PUERTO RICO;0;2022;NA
18;CAQUETÁ;18785;SOLITA;1;2022;NA
19;CAUCA;19142;CALOTO;1;2022;NA
19;CAUCA;19532;PATÍA;1;2022;NA
20;CESAR;20011;AGUACHICA;0;2022;NA
20;CESAR;20295;GAMARRA;1;2022;NA
20;CESAR;20400;LA JAGUA DE IBIRICO;1;2022;NA
20;CESAR;20517;PAILITAS;1;2022;NA
20;CESAR;20621;LA PAZ;0;2022;NA
23;CÓRDOBA;23001;MONTERÍA;0;2022;NA
23;CÓRDOBA;23090;CANALETE;1;2022;NA
23;CÓRDOBA;23670;SAN ANDRÉS DE SOTAVENTO;1;2022;NA
23;CÓRDOBA;23682;SAN JOSÉ DE URÉ;1;2022;NA
23;CÓRDOBA;23815;TUCHÍN;0;2022;NA
25;CUNDINAMARCA;25279;FÓMEQUE;1;2022;NA
25;CUNDINAMARCA;25307;GIRARDOT;0;2022;NA
25;CUNDINAMARCA;25320;GUADUAS;0;2022;NA
25;CUNDINAMARCA;25372;JUNÍN;1;2022;NA
25;CUNDINAMARCA;25436;MANTA;1;2022;NA
25;CUNDINAMARCA;25580;1/07/2022;1;2022;NA
25;CUNDINAMARCA;25592;QUEBRADANEGRA;1;2022;NA
25;CUNDINAMARCA;25662;SAN JUAN DE RIOSECO;1;2022;NA
25;CUNDINAMARCA;25805;TIBACUY;1;2022;NA
27;CHOCÓ;27006;ACANDÍ;1;2022;NA
27;CHOCÓ;27077;BAJO BAUDÓ;1;2022;NA
27;CHOCÓ;27495;NUQUÍ;1;2022;NA
27;CHOCÓ;27660;SAN JOSÉ DEL PALMAR;1;2022;NA
41;HUILA;41396;LA PLATA;1;2022;NA
47;MAGDALENA;47318;GUAMAL;1;2022;NA
47;MAGDALENA;47703;SAN ZENÓN;1;2022;NA
47;MAGDALENA;47798;TENERIFE;1;2022;NA
50;META;50325;MAPIRIPÁN;0;2022;NA
52;NARIÑO;52385;LA LLANADA;0;2022;NA
52;NARIÑO;52418;LOS ANDES;0;2022;NA
52;NARIÑO;52838;TÚQUERRES;0;2022;NA
63;QUINDÍO;63001;ARMENIA;1;2022;NA
66;RISARALDA;66682;SANTA ROSA DE CABAL;0;2022;NA
68;SANTANDER;68121;CABRERA;0;2022;NA
68;SANTANDER;68255;EL PLAYÓN;1;2022;NA
68;SANTANDER;68266;ENCISO;1;2022;NA
68;SANTANDER;68320;GUADALUPE;1;2022;NA
68;SANTANDER;68572;PUENTE NACIONAL;1;2022;NA
68;SANTANDER;68689;SAN VICENTE DE CHUCURÍ;1;2022;NA
68;SANTANDER;68820;TONA;1;2022;NA
70;SUCRE;70204;COLOSÓ;1;2022;NA
70;SUCRE;70429;MAJAGUAL;1;2022;NA
70;SUCRE;70523;PALMITO;1;2022;NA
70;SUCRE;70678;SAN BENITO ABAD;0;2022;NA
70;SUCRE;70708;SAN MARCOS;1;2022;NA
73;TOLIMA;73861;VENADILLO;0;2022;NA
76;VALLE DEL CAUCA;76400;LA UNIÓN;0;2022;NA
76;VALLE DEL CAUCA;76520;PALMIRA;0;2022;NA
81;ARAUCA;81220;CRAVO NORTE;1;2022;NA
81;ARAUCA;81794;TAME;0;2022;NA
85;CASANARE;85162;MONTERREY;0;2022;NA
86;PUTUMAYO;86760;SANTIAGO;1;2022;NA
95;GUAVIARE;95025;EL RETORNO;1;2022;NA
5;ANTIOQUIA;5036;ANGELÓPOLIS;1;2023;NA
5;ANTIOQUIA;5040;ANORÍ;1;2023;NA
5;ANTIOQUIA;5736;SEGOVIA;0;2023;NA
8;ATLÁNTICO;8560;PONEDERA;1;2023;NA
11;BOGOTÁ, D.C.;11001;BOGOTÁ, D.C.;0;2023;NA
15;BOYACÁ;15223;CUBARÁ;1;2023;NA
15;BOYACÁ;15272;FIRAVITOBA;1;2023;NA
15;BOYACÁ;15646;SAMACÁ;0;2023;NA
15;BOYACÁ;15720;SATIVANORTE;1;2023;NA
19;CAUCA;19698;SANTANDER DE QUILICHAO;0;2023;NA
19;CAUCA;19809;TIMBIQUÍ;1;2023;NA
50;META;50350;LA MACARENA;0;2023;NA
52;NARIÑO;52480;NARIÑO;0;2023;NA
63;QUINDÍO;63470;MONTENEGRO;0;2023;NA
68;SANTANDER;68655;SABANA DE TORRES;0;2023;NA
81;ARAUCA;81065;ARAUQUITA;1;2023;NA
